run,exposureMode,date,inflation,wage,output,credit,unemployment,budget,coverage,grievance_employedWorkers,grievance_national,pressure,chjenoShadowPressure
R0,0,1923-03,24.553534504960226,83.49823263815794,99.15077455253395,53.329208328319226,3.2983728508056847,0.9645275644779026,1,37.07203813612097,35.66198951405561,10,10
R0,0,1923-11,85.24392210267729,56.14219285551228,97.33162136056615,50.22893577979937,3.945677563236436,-1.1154142294940776,1,49.47642793410141,39.53001352364966,10,10
R0,0,1923-12,95.6707454718741,53.15051043997227,96.92046492984566,49.10293738277924,4.093527510397055,-1.1334189319716927,1,50.41341772530196,39.81836711263556,10,10
R0,0,1924-03,111.6550656968528,49.136551330624,95.49489846308141,46.16622764698363,4.610871284151624,-1.2003054978380852,1,53.4062803524385,40.741534554621616,10,10
R0,0,1924-06,117.1376875340205,47.89587711884681,93.94962844651756,44.454027685684174,5.180313196613841,-1.2764696816568701,1,56.51375977482559,41.70526050971127,10,10
R0,0,1924-09,119.01822682416902,47.48463244727696,92.37160231936032,43.62495947593936,5.771513559185546,-1.3550593983613588,1,59.65840221435658,42.694350037847194,10,10
R0,0,1925-11,119.99334138779845,47.2741580922086,82.68101704240303,32.42002178668269,9.633720699137202,-1.818718348833248,1,74.41224243633678,47.74732440124587,10,10
R0,0,1926-05,119.99921662093308,47.27289560271296,78.08097579190434,36.158845583512914,11.627639833923748,-2.060971635774932,0.5,80.73945624860538,50.01118695211803,10,30
R0,0,1928-01,119.99999937492409,47.2727274070411,71.60857432719482,42.99249002249614,14.648727241786471,-2.398677819433322,0.5,100,57.33840133781923,10,30
R0,1,1923-03,24.553534504960226,83.49823263815794,99.15077455253395,53.329208328319226,3.2983728508056847,0.9645275644779026,1,37.22122456152382,35.710972390396215,10,10
R0,1,1923-11,85.24392210267729,56.14219285551228,97.33162136056615,50.22893577979937,3.945677563236436,-1.1154142294940776,1,49.94926671571964,39.685262256947645,10,10
R0,1,1923-12,95.6707454718741,53.15051043997227,96.92046492984566,49.10293738277924,4.093527510397055,-1.1334189319716927,1,50.9601814805005,39.99788787892575,10,10
R0,1,1924-03,111.6550656968528,49.136551330624,95.49489846308141,46.16622764698363,4.610871284151624,-1.2003054978380852,1,54.21171599451433,41.00598592376985,10,10
R0,1,1924-06,117.1376875340205,47.89587711884681,93.94962844651756,44.454027685684174,5.180313196613841,-1.2764696816568701,1,57.60391637313252,42.063195259488715,10,10
R0,1,1924-09,119.01822682416902,47.48463244727696,92.37160231936032,43.62495947593936,5.771513559185546,-1.3550593983613588,1,61.04415899394937,43.14934018048016,10,10
R0,1,1925-11,119.99334138779845,47.2741580922086,82.68101704240303,32.42002178668269,9.633720699137202,-1.818718348833248,1,77.72910278590543,48.8363602160209,10,10
R0,1,1926-05,119.99921662093308,47.27289560271296,78.08097579190434,36.158845583512914,11.627639833923748,-2.060971635774932,0.5,85.0532761655673,51.42755782485386,10,30
R0,1,1928-01,119.99999937492409,47.2727274070411,71.60857432719482,42.99249002249614,14.648727241786471,-2.398677819433322,0.5,100,57.60461274829846,10,30
R1,0,1923-03,24.553534504960226,83.49823263815794,99.15077455253395,53.329208328319226,3.2983728508056847,0.9645275644779026,1,37.07203813612097,35.66198951405561,10,10
R1,0,1923-11,9.04992210267729,95.36916486934994,97.45951836191138,51.28127877979937,3.899833422766832,1.8795450598551888,1,39.5054624726132,36.50592870268016,10,10
R1,0,1923-12,6.334945471874102,97.80415980700182,97.36904912813921,52.12539748277924,3.932323047538705,1.872975918095569,1,39.54937927647317,36.516882317238505,10,10
R1,0,1924-03,2.172886296852816,101.7882569137165,97.25690302784012,53.73464024128363,3.9726486571467476,1.8637287987674298,1,39.477984700916664,36.482977043012625,10,10
R1,0,1924-06,0.7452999998205159,103.23062217312894,97.26970369819657,54.47015731706907,3.968041999054883,1.8628741361897247,1,39.22156534365809,36.3842023773142,10,10
R1,0,1924-09,0.2556378999384369,103.73481449871045,97.33225094172224,54.7853962297626,3.9455407654466614,1.8654152299866922,1,38.90070622904068,36.26283616420893,10,10
R1,0,1925-11,0.001733795220329117,103.99819688423318,94.90255415206498,44.40929223058284,4.828064116315102,1.769826819852404,1,37.2565385544599,35.95744610144936,10,10
R1,0,1926-05,0.00020397927387650017,103.99978786198788,92.99628670143629,48.157329369822556,5.536972292673896,1.6626861214283124,1,36.53664992417218,35.87315657225721,10,30
R1,0,1928-01,1.6275968540347208e-7,103.9999998307299,96.40727987507987,54.99248813738721,4.274089906161769,1.8188297251251526,1,34.57116539173238,35.51498800008356,10,30
R1,1,1923-03,24.553534504960226,83.49823263815794,99.15077455253395,53.329208328319226,3.2983728508056847,0.9645275644779026,1,37.22122456152382,35.710972390396215,10,10
R1,1,1923-11,9.04992210267729,95.36916486934994,97.45951836191138,51.28127877979937,3.899833422766832,1.8795450598551888,1,39.95537918399663,36.65365135625105,10,10
R1,1,1923-12,6.334945471874102,97.80415980700182,97.36904912813921,52.12539748277924,3.932323047538705,1.872975918095569,1,40.015540800242526,36.66993868420944,10,10
R1,1,1924-03,2.172886296852816,101.7882569137165,97.25690302784012,53.73464024128363,3.9726486571467476,1.8637287987674298,1,39.964309029490046,36.642653530894215,10,10
R1,1,1924-06,0.7452999998205159,103.23062217312894,97.26970369819657,54.47015731706907,3.968041999054883,1.8628741361897247,1,39.708707681918895,36.54414744504316,10,10
R1,1,1924-09,0.2556378999384369,103.73481449871045,97.33225094172224,54.7853962297626,3.9455407654466614,1.8654152299866922,1,39.38784856730149,36.4227812319379,10,10
R1,1,1925-11,0.001733795220329117,103.99819688423318,94.90255415206498,44.40929223058284,4.828064116315102,1.769826819852404,1,38.226639141910034,36.27596246099548,10,10
R1,1,1926-05,0.00020397927387650017,103.99978786198788,92.99628670143629,48.157329369822556,5.536972292673896,1.6626861214283124,1,37.86120459980172,36.3080520240889,10,30
R1,1,1928-01,1.6275968540347208e-7,103.9999998307299,96.40727987507987,54.99248813738721,4.274089906161769,1.8188297251251526,1,35.94308237475934,35.96543407617742,10,30
R2,0,1923-03,24.553534504960226,83.49823263815794,99.15077455253395,53.329208328319226,3.2983728508056847,0.9645275644779026,1,37.07203813612097,35.66198951405561,10,10
R2,0,1923-11,24.04392210267729,83.84127028320988,97.19297519616221,49.27070727979938,3.9954525014731703,0.8733626118591247,1,48.59526022116699,39.26102552971388,10,10
R2,0,1923-12,16.830745471874103,89.0176636123896,96.98380694405007,50.26817743277925,4.070775731461236,0.8596487598081104,1,48.814906948919194,39.32711350171625,10,10
R2,0,1924-03,5.7729456968528154,98.32381930448064,96.6461411144078,52.63474898413362,4.19277003081033,1.836019677892093,1,49.06612774646384,39.396540846988536,10,10
R2,0,1924-06,1.9801203740205153,101.98066017040517,96.56058658809377,53.93413199632661,4.223761190307584,1.8286043805115475,1,48.97332619738833,39.35372439995721,10,10
R2,0,1924-09,0.6791812882890367,103.29841648414083,96.58310904175407,54.54708396624572,4.21559798467504,1.8284348848743328,1,48.70755096942826,39.25604719320763,10,10
R2,0,1925-11,0.004606364203649326,103.99520960189137,94.14814437281346,44.40595240043625,5.107030362987422,1.7319148925322403,1,47.08473044794825,38.983624274761645,10,10
R2,0,1926-05,0.0005419341421951393,103.9994363915465,92.25682116901838,48.15684953946521,5.816017626546106,1.6256111428738365,1,46.36502633218434,38.90923823941134,10,30
R2,0,1928-01,4.324215338980243e-7,103.99999955028159,95.64065817718021,54.992487523380966,4.553147495052579,1.7805108413613318,1,44.31015513971856,38.58391094999291,10,30
R2,1,1923-03,24.553534504960226,83.49823263815794,99.15077455253395,53.329208328319226,3.2983728508056847,0.9645275644779026,1,37.22122456152382,35.710972390396215,10,10
R2,1,1923-11,24.04392210267729,83.84127028320988,97.19297519616221,49.27070727979938,3.9954525014731703,0.8733626118591247,1,49.09298647190357,39.424445648705735,10,10
R2,1,1923-12,16.830745471874103,89.0176636123896,96.98380694405007,50.26817743277925,4.070775731461236,0.8596487598081104,1,49.350294814649814,39.50289918429781,10,10
R2,1,1924-03,5.7729456968528154,98.32381930448064,96.6461411144078,52.63474898413362,4.19277003081033,1.836019677892093,1,49.66251276186901,39.59235392704657,10,10
R2,1,1924-06,1.9801203740205153,101.98066017040517,96.56058658809377,53.93413199632661,4.223761190307584,1.8286043805115475,1,49.58520679254213,39.554625195366036,10,10
R2,1,1924-09,0.6791812882890367,103.29841648414083,96.58310904175407,54.54708396624572,4.21559798467504,1.8284348848743328,1,49.319456543853136,39.456956190143806,10,10
R2,1,1925-11,0.004606364203649326,103.99520960189137,94.14814437281346,44.40595240043625,5.107030362987422,1.7319148925322403,1,48.179881880246434,39.343198995032886,10,10
R2,1,1926-05,0.0005419341421951393,103.9994363915465,92.25682116901838,48.15684953946521,5.816017626546106,1.6256111428738365,1,47.81467139626186,39.38520503545013,10,30
R2,1,1928-01,4.324215338980243e-7,103.99999955028159,95.64065817718021,54.992487523380966,4.553147495052579,1.7805108413613318,1,45.807164262806815,39.07542894540689,10,30
R3,0,1923-03,24.553534504960226,83.49823263815794,99.15077455253395,53.329208328319226,3.2983728508056847,0.9645275644779026,1,37.07203813612097,35.66198951405561,10,10
R3,0,1923-11,85.24392210267729,56.14219285551228,97.33162136056615,50.22893577979937,3.945677563236436,-1.1154142294940776,1,49.47642793410141,39.53001352364966,10,10
R3,0,1923-12,95.6707454718741,53.15051043997227,96.92046492984566,49.10293738277924,4.093527510397055,-1.1334189319716927,1,50.41341772530196,39.81836711263556,10,10
R3,0,1924-03,111.6550656968528,49.136551330624,95.37830984529405,39.59622764698362,4.653396284151625,-0.20247610611732858,1,53.4062803524385,40.84997519674881,10,10
R3,0,1924-06,38.297687534020504,75.20010048932782,93.83970677491764,44.792517685684174,5.221034919917629,2.7129950917622176,1,55.390336544821864,41.47402885392981,10,10
R3,0,1924-09,13.13610682416903,91.92467632073645,93.07373249932104,49.80990554593936,5.5074855826151525,1.6629479185620923,1,56.16022794891382,41.736491989505005,10,10
R3,0,1925-11,0.08909210735560633,103.90742668386838,90.17318910938519,44.32313231749654,6.6131928760681795,1.5322554160784265,1,55.30674664670182,41.89132721097868,10,10
R3,0,1926-05,0.010481597338279728,103.98910028123285,88.35642731349564,48.14454992613416,7.324267852004614,1.430068112196801,1,54.59246714656032,41.90163072119091,10,30
R3,0,1928-01,0.000008363504060403562,103.99999130195653,91.59634462086379,54.99247091117002,6.061726451319205,1.5783595468039586,1,52.474217028397895,41.85362673867046,10,30
R3,1,1923-03,24.553534504960226,83.49823263815794,99.15077455253395,53.329208328319226,3.2983728508056847,0.9645275644779026,1,37.22122456152382,35.710972390396215,10,10
R3,1,1923-11,85.24392210267729,56.14219285551228,97.33162136056615,50.22893577979937,3.945677563236436,-1.1154142294940776,1,49.94926671571964,39.685262256947645,10,10
R3,1,1923-12,95.6707454718741,53.15051043997227,96.92046492984566,49.10293738277924,4.093527510397055,-1.1334189319716927,1,50.9601814805005,39.99788787892575,10,10
R3,1,1924-03,111.6550656968528,49.136551330624,95.37830984529405,39.59622764698362,4.653396284151625,-0.20247610611732858,1,54.23297849451433,41.121407753397044,10,10
R3,1,1924-06,38.297687534020504,75.20010048932782,93.83970677491764,44.792517685684174,5.221034919917629,2.7129950917622176,1,56.50085400478069,41.83864875328297,10,10
R3,1,1924-09,13.13610682416903,91.92467632073645,93.07373249932104,49.80990554593936,5.5074855826151525,1.6629479185620923,1,57.41397074022141,42.148137539317666,10,10
R3,1,1925-11,0.08909210735560633,103.90742668386838,90.17318910938519,44.32313231749654,6.6131928760681795,1.5322554160784265,1,57.11614893851971,42.48541429679222,10,10
R3,1,1926-05,0.010481597338279728,103.98910028123285,88.35642731349564,48.14454992613416,7.324267852004614,1.430068112196801,1,56.75740692634642,42.61245261555401,10,30
R3,1,1928-01,0.000008363504060403562,103.99999130195653,91.59634462086379,54.99247091117002,6.061726451319205,1.5783595468039586,1,54.68656762423413,42.580015184303356,10,30
R4,0,1923-03,24.553534504960226,83.49823263815794,99.15077455253395,53.329208328319226,3.2983728508056847,0.9645275644779026,1,37.07203813612097,35.66198951405561,10,10
R4,0,1923-11,85.24392210267729,56.14219285551228,97.33162136056615,50.22893577979937,3.945677563236436,-1.1154142294940776,1,49.47642793410141,39.53001352364966,10,10
R4,0,1923-12,95.6707454718741,53.15051043997227,96.92046492984566,49.10293738277924,4.093527510397055,-1.1334189319716927,1,50.41341772530196,39.81836711263556,10,10
R4,0,1924-03,111.6550656968528,49.136551330624,95.37830984529405,39.59622764698362,4.653396284151625,-0.20247610611732858,1,53.4062803524385,40.57206638006598,10,10
R4,0,1924-06,38.297687534020504,75.20010048932782,93.83970677491764,44.792517685684174,5.221034919917629,2.7129950917622176,1,55.390336544821864,41.09656732365398,10,10
R4,0,1924-09,13.13610682416903,91.92467632073645,93.07373249932104,49.80990554593936,5.5074855826151525,-1.3370520814379077,1,56.16022794891382,41.28746362426856,10,10
R4,0,1925-11,0.08909210735560633,103.90742668386838,90.17318910938519,44.32313231749654,6.6131928760681795,-0.4677445839215735,1,55.304847959732776,40.90387715353993,10,10
R4,0,1926-05,0.010481597338279728,103.98910028123285,88.35642731349564,48.14454992613416,7.324267852004614,-0.5699318878031989,1,54.590568459591275,40.63563547497444,10,30
R4,0,1928-01,0.000008363504060403562,103.99999130195653,91.59634462086379,54.99247091117002,6.061726451319205,-0.4216404531960414,1,51.57437695794999,39.83695092786779,10,30
R4,1,1923-03,24.553534504960226,83.49823263815794,99.15077455253395,53.329208328319226,3.2983728508056847,0.9645275644779026,1,37.22122456152382,35.710972390396215,10,10
R4,1,1923-11,85.24392210267729,56.14219285551228,97.33162136056615,50.22893577979937,3.945677563236436,-1.1154142294940776,1,49.94926671571964,39.685262256947645,10,10
R4,1,1923-12,95.6707454718741,53.15051043997227,96.92046492984566,49.10293738277924,4.093527510397055,-1.1334189319716927,1,50.9601814805005,39.99788787892575,10,10
R4,1,1924-03,111.6550656968528,49.136551330624,95.37830984529405,39.59622764698362,4.653396284151625,-0.20247610611732858,1,54.23297849451433,40.84349893671422,10,10
R4,1,1924-06,38.297687534020504,75.20010048932782,93.83970677491764,44.792517685684174,5.221034919917629,2.7129950917622176,1,56.50085400478069,41.46118722300713,10,10
R4,1,1924-09,13.13610682416903,91.92467632073645,93.07373249932104,49.80990554593936,5.5074855826151525,-1.3370520814379077,1,57.41397074022141,41.699109174081215,10,10
R4,1,1925-11,0.08909210735560633,103.90742668386838,90.17318910938519,44.32313231749654,6.6131928760681795,-0.4677445839215735,1,57.114250251550665,41.49796423935347,10,10
R4,1,1926-05,0.010481597338279728,103.98910028123285,88.35642731349564,48.14454992613416,7.324267852004614,-0.5699318878031989,1,56.75550823937738,41.34645736933755,10,30
R4,1,1928-01,0.000008363504060403562,103.99999130195653,91.59634462086379,54.99247091117002,6.061726451319205,-0.4216404531960414,1,53.785968896585906,40.51907369980777,10,30
R5,0,1923-03,24.553534504960226,83.49823263815794,99.15077455253395,53.329208328319226,3.2983728508056847,0.9645275644779026,1,37.07203813612097,35.66198951405561,10,10
R5,0,1923-11,85.24392210267729,56.14219285551228,97.33162136056615,50.22893577979937,3.945677563236436,-1.1154142294940776,1,49.47642793410141,39.53001352364966,10,10
R5,0,1923-12,95.6707454718741,53.15051043997227,96.92046492984566,49.10293738277924,4.093527510397055,-1.1334189319716927,1,50.41341772530196,39.81836711263556,10,10
R5,0,1924-03,111.6550656968528,49.136551330624,95.37830984529405,39.59622764698362,4.653396284151625,-0.20247610611732858,1,53.4062803524385,40.84997519674881,10,10
R5,0,1924-06,38.297687534020504,75.20010048932782,93.83970677491764,44.792517685684174,5.221034919917629,2.7129950917622176,1,55.390336544821864,41.47402885392981,10,10
R5,0,1924-09,13.13610682416903,91.92467632073645,93.07373249932104,49.80990554593936,5.5074855826151525,1.6629479185620923,1,56.16022794891382,41.736491989505005,10,10
R5,0,1925-11,0.08909210735560633,103.90742668386838,90.17318910938519,44.32313231749654,6.6131928760681795,1.5322554160784265,1,55.30674664670182,41.89132721097868,10,10
R5,0,1926-05,0.010481597338279728,103.98910028123285,89.15631339624258,48.14454992613416,6.824267852004614,0.4567659235976429,1,54.64202979412114,41.89759462025417,10,30
R5,0,1928-01,0.000008363504060403562,103.99999130195653,98.12147233137466,54.99247091117002,5.561726451319205,0.8898472174550307,1,52.52340693754395,41.822668556037385,10,30
R5,1,1923-03,24.553534504960226,83.49823263815794,99.15077455253395,53.329208328319226,3.2983728508056847,0.9645275644779026,1,37.22122456152382,35.710972390396215,10,10
R5,1,1923-11,85.24392210267729,56.14219285551228,97.33162136056615,50.22893577979937,3.945677563236436,-1.1154142294940776,1,49.94926671571964,39.685262256947645,10,10
R5,1,1923-12,95.6707454718741,53.15051043997227,96.92046492984566,49.10293738277924,4.093527510397055,-1.1334189319716927,1,50.9601814805005,39.99788787892575,10,10
R5,1,1924-03,111.6550656968528,49.136551330624,95.37830984529405,39.59622764698362,4.653396284151625,-0.20247610611732858,1,54.23297849451433,41.121407753397044,10,10
R5,1,1924-06,38.297687534020504,75.20010048932782,93.83970677491764,44.792517685684174,5.221034919917629,2.7129950917622176,1,56.50085400478069,41.83864875328297,10,10
R5,1,1924-09,13.13610682416903,91.92467632073645,93.07373249932104,49.80990554593936,5.5074855826151525,1.6629479185620923,1,57.41397074022141,42.148137539317666,10,10
R5,1,1925-11,0.08909210735560633,103.90742668386838,90.17318910938519,44.32313231749654,6.6131928760681795,1.5322554160784265,1,57.11614893851971,42.48541429679222,10,10
R5,1,1926-05,0.010481597338279728,103.98910028123285,89.15631339624258,48.14454992613416,6.824267852004614,0.4567659235976429,1,56.75523859592376,42.59143151017935,10,30
R5,1,1928-01,0.000008363504060403562,103.99999130195653,98.12147233137466,54.99247091117002,5.561726451319205,0.8898472174550307,1,54.68402655539677,42.53207199723239,10,30
R6,0,1923-03,24.553534504960226,83.49823263815794,99.15077455253395,53.329208328319226,3.2983728508056847,0.9645275644779026,1,37.07203813612097,35.66198951405561,10,10
R6,0,1923-11,9.04992210267729,95.36916486934994,97.45951836191138,51.28127877979937,3.899833422766832,1.8795450598551888,1,39.5054624726132,36.50592870268016,10,10
R6,0,1923-12,6.334945471874102,97.80415980700182,97.36904912813921,52.12539748277924,3.932323047538705,1.872975918095569,1,39.54937927647317,36.516882317238505,10,10
R6,0,1924-03,2.172886296852816,101.7882569137165,97.25690302784012,53.73464024128363,3.9726486571467476,1.8637287987674298,1,39.477984700916664,36.482977043012625,10,10
R6,0,1924-06,0.7452999998205159,103.23062217312894,97.26970369819657,54.47015731706907,3.968041999054883,1.8628741361897247,1,39.22156534365809,36.3842023773142,10,10
R6,0,1924-09,0.2556378999384369,103.73481449871045,97.33225094172224,54.7853962297626,3.9455407654466614,1.8654152299866922,1,38.90070622904068,36.26283616420893,10,10
R6,0,1925-11,0.001733795220329117,103.99819688423318,94.96051300882017,47.69429223058284,4.806801616315101,0.7709054768457846,1,37.2565385544599,35.956661699361284,10,10
R6,0,1926-05,0.00020397927387650017,103.99978786198788,93.40310814799773,52.955561334822555,5.384691352061394,0.6797668560337968,1,36.53664992417218,35.857281944164164,10,30
R6,0,1928-01,1.6275968540347208e-7,103.9999998307299,98.27931516394776,59.99232714209943,3.6003370887442303,0.9087214971236286,1,34.7510211503475,35.232294108780415,10,30
R6,1,1923-03,24.553534504960226,83.49823263815794,99.15077455253395,53.329208328319226,3.2983728508056847,0.9645275644779026,1,37.22122456152382,35.710972390396215,10,10
R6,1,1923-11,9.04992210267729,95.36916486934994,97.45951836191138,51.28127877979937,3.899833422766832,1.8795450598551888,1,39.95537918399663,36.65365135625105,10,10
R6,1,1923-12,6.334945471874102,97.80415980700182,97.36904912813921,52.12539748277924,3.932323047538705,1.872975918095569,1,40.015540800242526,36.66993868420944,10,10
R6,1,1924-03,2.172886296852816,101.7882569137165,97.25690302784012,53.73464024128363,3.9726486571467476,1.8637287987674298,1,39.964309029490046,36.642653530894215,10,10
R6,1,1924-06,0.7452999998205159,103.23062217312894,97.26970369819657,54.47015731706907,3.968041999054883,1.8628741361897247,1,39.708707681918895,36.54414744504316,10,10
R6,1,1924-09,0.2556378999384369,103.73481449871045,97.33225094172224,54.7853962297626,3.9455407654466614,1.8654152299866922,1,39.38784856730149,36.4227812319379,10,10
R6,1,1925-11,0.001733795220329117,103.99819688423318,94.96051300882017,47.69429223058284,4.806801616315101,0.7709054768457846,1,38.21600789191004,36.271687465157406,10,10
R6,1,1926-05,0.00020397927387650017,103.99978786198788,93.40310814799773,52.955561334822555,5.384691352061394,0.6797668560337968,1,37.78506412949545,36.26717794157863,10,30
R6,1,1928-01,1.6275968540347208e-7,103.9999998307299,98.27931516394776,59.99232714209943,3.6003370887442303,0.9087214971236286,1,36.03420230416007,35.65360525428221,10,30
